"Time (s)","Distance (cm)"
2.217625006E-3,5.000000000E0