"Time (s)","Distance (cm)"
1.473666678E-3,5.000000000E0