"Time (s)","Distance (cm)"
2.416041680E-3,5.000000000E0