"Time (s)","Distance (cm)"
2.288416668E-3,5.000000000E0