"Time (s)","Distance (cm)"
2.239750000E-3,5.000000000E0