"Time (s)","Distance (cm)"
3.335208326E-3,5.000000000E0