"Time (s)","Distance (cm)"
3.267458334E-3,5.000000000E0
1.138431250E-1,0.000000000E0
2.138872083E-1,5.000000000E0