"Time (s)","Distance (cm)"
2.346433332E-2,5.000000000E0