"Time (s)","Distance (cm)"
1.994249993E-3,5.000000000E0