"Time (s)","Distance (cm)"
3.150416684E-3,5.000000000E0