"Time (s)","Distance (cm)"
2.090666676E-3,5.000000000E0