"Time (s)","Distance (cm)"
2.199249997E-3,5.000000000E0
1.305469458E2,0.000000000E0
1.312925897E2,5.000000000E0