"Time (s)","Distance (cm)"
2.124625003E-3,5.000000000E0