"Time (s)","Distance (cm)"
2.032208373E-3,5.000000000E0
3.069566668E-2,0.000000000E0
1.505033334E-1,5.000000000E0