"Time (s)","Distance (cm)"
2.276875006E-3,5.000000000E0