"Time (s)","Distance (cm)"
2.240000002E-3,5.000000000E0