"Time (s)","Distance (cm)"
3.368083344E-3,5.000000000E0
1.552403422E2,0.000000000E0
1.554569823E2,5.000000000E0