"Time (s)","Distance (cm)"
2.280183333E-2,5.000000000E0
4.709237500E-2,0.000000000E0
2.805909167E-1,5.000000000E0