"Time (s)","Distance (cm)"
2.785833349E-3,5.000000000E0