"Time (s)","Distance (cm)"
3.034541674E-3,5.000000000E0
2.391678197E2,0.000000000E0
2.395678468E2,5.000000000E0