"Time (s)","Distance (cm)"
2.226958328E-3,5.000000000E0