"Time (s)","Distance (cm)"
1.557374999E-3,5.000000000E0
1.783042104E2,0.000000000E0
1.786375939E2,5.000000000E0