"Time (s)","Distance (cm)"
2.185208345E-3,5.000000000E0