"Time (s)","Distance (cm)"
2.080375038E-3,5.000000000E0