"Time (s)","Distance (cm)"
3.171666671E-3,5.000000000E0