"Time (s)","Distance (cm)"
1.775333338E-3,5.000000000E0