"Time (s)","Distance (cm)"
1.703791670E-3,5.000000000E0