"Time (s)","Distance (cm)"
2.159374999E-3,5.000000000E0
3.009795828E-2,0.000000000E0
1.467892500E-1,5.000000000E0