"Time (s)","Distance (cm)"
3.241333332E-3,5.000000000E0