"Time (s)","Distance (cm)"
2.383791667E-3,5.000000000E0