"Time (s)","Distance (cm)"
3.142000001E-3,5.000000000E0
1.574327427E2,0.000000000E0
1.577494178E2,5.000000000E0