"Time (s)","Distance (cm)"
1.615241665E-2,5.000000000E0