"Time (s)","Distance (cm)"
2.072458337E-3,5.000000000E0