"Time (s)","Distance (cm)"
2.703345835E-2,5.000000000E0