"Time (s)","Distance (cm)"
3.641083342E-3,5.000000000E0