"Time (s)","Distance (cm)"
1.931333332E-3,5.000000000E0