"Time (s)","Distance (cm)"
1.980999994E-3,5.000000000E0