"Time (s)","Distance (cm)"
2.106920833E-2,5.000000000E0
2.017088066E2,0.000000000E0
2.020255548E2,5.000000000E0