"Time (s)","Distance (cm)"
2.459666670E-3,5.000000000E0