"Time (s)","Distance (cm)"
3.434291662E-3,5.000000000E0
3.533792033E1,0.000000000E0
3.557149929E1,5.000000000E0