"Time (s)","Distance (cm)"
1.950000005E-3,5.000000000E0