"Time (s)","Distance (cm)"
2.160958335E-3,5.000000000E0