"Time (s)","Distance (cm)"
2.003541653E-3,5.000000000E0