"Time (s)","Distance (cm)"
3.146874995E-3,5.000000000E0