"Time (s)","Distance (cm)"
2.130708337E-3,5.000000000E0